<?xml version="1.0" encoding="UTF-8"?>
<beans xmlns="http://www.springframework.org/schema/beans"
	xmlns:xsi="http://www.w3.org/2001/XMLSchema-instance"
	xmlns:context="http://www.springframework.org/schema/context"
	xmlns:mvc="http://www.springframework.org/schema/mvc"
	xsi:schemaLocation="http://www.springframework.org/schema/mvc http://www.springframework.org/schema/mvc/spring-mvc-4.3.xsd
		http://www.springframework.org/schema/beans http://www.springframework.org/schema/beans/spring-beans-3.2.xsd
		http://www.springframework.org/schema/context http://www.springframework.org/schema/context/spring-context-4.3.xsd">
<!-- 扫描controller包 -->
<context:component-scan base-package="com.sys.controller"></context:component-scan>
<!-- 开启mvc注解的自动识别 -->
<mvc:annotation-driven></mvc:annotation-driven>
<mvc:cors>
    <mvc:mapping path="/**/**" allowed-origins="*"
		allowed-methods="POST, GET, OPTIONS, DELETE, PUT"
		allowed-headers="Content-Type, Access-Control-Allow-Headers, Authorization, X-Requested-With"
		allow-credentials="true" />
</mvc:cors>

<bean id="multipartResolver"
    class="org.springframework.web.multipart.commons.CommonsMultipartResolver">
   <property name="defaultEncoding" value="UTF-8" />
   <property name="maxUploadSize" value="2097152" />
</bean>

</beans>
