<?xml version="1.0" encoding="UTF-8"?>
<beans xmlns="http://www.springframework.org/schema/beans"
	xmlns:xsi="http://www.w3.org/2001/XMLSchema-instance"
	xmlns:context="http://www.springframework.org/schema/context"
	xmlns:aop="http://www.springframework.org/schema/aop"
	xmlns:tx="http://www.springframework.org/schema/tx"
	xsi:schemaLocation="http://www.springframework.org/schema/beans http://www.springframework.org/schema/beans/spring-beans.xsd
		http://www.springframework.org/schema/context http://www.springframework.org/schema/context/spring-context-4.3.xsd
		http://www.springframework.org/schema/aop http://www.springframework.org/schema/aop/spring-aop-4.3.xsd
		http://www.springframework.org/schema/tx http://www.springframework.org/schema/tx/spring-tx-4.3.xsd">
<!-- 扫描service层 -->
<context:component-scan base-package="com.sys.service"></context:component-scan>
<!-- 加载属性集文件 -->
<context:property-placeholder location="classpath:jdbc.properties"/>
<!-- 加载数据源 -->
<bean id="datasource" class="com.mchange.v2.c3p0.ComboPooledDataSource">
	<property name="driverClass" value="${mysql.driver}"></property>
	<property name="jdbcUrl" value="${mysql.url}"></property>
	<property name="user" value="${mysql.username}"></property>
	<property name="password" value="${mysql.password}"></property>
</bean>
<!-- 加载mybatis的会话工厂 -->
<bean id="sqlSessionFactoryBean" class="org.mybatis.spring.SqlSessionFactoryBean">
	<property name="dataSource" ref="datasource"></property>
	<property name="configLocation" value="classpath:config.xml"></property>
	<property name="mapperLocations" value="classpath:mapper/*.xml"></property>
</bean>
<!-- 扫描代理接口 -->
<bean class="org.mybatis.spring.mapper.MapperScannerConfigurer">
	<property name="basePackage" value="com.sys.dao"></property>
</bean>
<!-- 配置事务管理器 -->
<bean id="transactionManager" class="org.springframework.jdbc.datasource.DataSourceTransactionManager">
	<property name="dataSource" ref="datasource"></property>
</bean>
<!-- 配置增强型事务 -->
<aop:config>
	<aop:pointcut expression="execution(* com.sys.service.impl.*.*(..))" id="myPointCut"/>
	<aop:advisor advice-ref="advisor" pointcut-ref="myPointCut"/>
</aop:config>
<!-- 配置通知 -->
<tx:advice id="advisor" transaction-manager="transactionManager">
	<tx:attributes>
		<tx:method name="get*" propagation="SUPPORTS" read-only="true"/>
		<tx:method name="add*"/>
		<tx:method name="insert*"/>
		<tx:method name="delete*"/>
		<tx:method name="update*"/>
	</tx:attributes>
</tx:advice>
</beans>
