<?xml version="1.0" encoding="UTF-8"?>
<!DOCTYPE mapper PUBLIC "-//mybatis.org//DTD Mapper 3.0//EN" "http://mybatis.org/dtd/mybatis-3-mapper.dtd">
<mapper namespace="com.sys.dao.FlightDao">
	<insert id="addFlight" parameterType="Flight">
		insert into flight() values(#{fid},#{location},#{destination},#{flighttime},#{flighttime1},#{price},#{ticketnum})
	</insert>
	<select id="getFlight" resultType="Flight">
		select * from flight
	</select>
	<delete id="deleteFlight">
		delete from flight where fid=#{fid}
	</delete>
	<select id="getFlightByPlace" resultType="Flight">
		select * from flight where location=#{arg0} and destination=#{arg1}
	</select>
	<update id="buyTicket">
		update flight set ticketnum=ticketnum-1 where fid=#{fid} and ticketnum>0;
	</update>
	<select id="getFlightByDestination" resultType="Flight">
		select * from flight where  destination=#{destination}
	</select>
</mapper>