<?xml version="1.0" encoding="UTF-8" ?>
<!DOCTYPE mapper PUBLIC "-//mybatis.org//DTD Mapper 3.0//EN" "http://mybatis.org/dtd/mybatis-3-mapper.dtd">
<mapper namespace="com.sys.dao.UserDao">
	<insert id="addUser" parameterType="User">
		insert into user() values(#{uid},#{username},#{password},#{cardid},#{usex},#{nickname})
	</insert>
	<select id="getUser" resultType="User">
		select * from user where username=#{username}
	</select>
	<delete id="deleteUser">
		delete from user where uid=#{uid}
	</delete>
	<select id="getUserByCardid" resultType="User">
		select * from user where cardid=#{cardid}
	</select>
	<select id="getUserByName" resultType="User">
		select * from user where username=#{username}
	</select>
	<update id="updateUser" parameterType="User">
		update user set password=#{password},usex=#{usex},nickname=#{nickname} where username=#{username}
	</update>
	<select id="getPassword" resultType="User">
		select password from user where username=#{arg0} and cardid=#{arg1}
	</select>
</mapper>